ref,qty,value,description,mpn,manufacturer,package,note
U0,1,CM4102032,"Compute Module 4, 2GB RAM, 32GB eMMC, wireless",CM4102032,Raspberry Pi,CM4,"eMMC not Lite. Antenna is a config line (dtparam=ant2), not a different SKU."
J1;J2,2,DF40C-100DS-0.4V,"100-pin 0.4mm board-to-board receptacle, 1.5mm stack",DF40C-100DS/0.4V(51),Hirose,DF40C-100DS,"Stack height must match the case. 1.5mm is the common choice."
U1,1,PCM5102A,"32-bit 384kHz stereo I2S DAC, 2.1Vrms line out",PCM5102APWR,Texas Instruments,TSSOP-20,"SCK grounded = internal PLL. This is the hifiberry-dac wiring."
U2,1,ATECC608B,"Crypto authentication IC, I2C",ATECC608B-SSHDA-B,Microchip,SOIC-8,"Address 0x60. Only addable at board design time - see design doc 4.5."
U3,1,MCP1700-3302E,"3.3V 250mA LDO, low quiescent",MCP1700T-3302E/TT,Microchip,SOT-23-3,"Analog rail only. Keeps CM4 switcher noise out of the DAC."
U4,1,AP2553W6,"Current-limited USB power switch, adjustable",AP2553W6-7,Diodes Inc,SOT-26,"ILIM set ~1.1A by R50."
J3,1,USB-C 16P,"USB Type-C receptacle, power only",USB4085-GF-A,GCT,SMD,"Power input. 3A capable."
J4,1,USB-C 16P,"USB Type-C receptacle, data",USB4085-GF-A,GCT,SMD,"rpiboot only. VBUS DELIBERATELY unconnected - see design doc 4.6."
J5,1,USB-A,"USB 2.0 Type-A receptacle, host",UJ2-AH-1-SMT-TR,CUI,SMD,"Escape hatch for the external-antenna BT dongle from spec section 2."
J6,1,3.5mm TRS,"3.5mm stereo jack, board mount",SJ-3523-SMT-TR,CUI,SMD,"Line out to the speaker aux in. Case needs a cable clamp - see design doc 4.2."
J7,1,JST-PH 2P,"2-pin fan header",B2B-PH-K-S(LF)(SN),JST,THT,"DNP. Footprint only."
JP1,1,2.54 2P,"nRPIBOOT jumper header",PH1-02-UA,Adam Tech,THT,"Ships UNFITTED. Fitted = boot from USB = bricked box in the field."
SW1,1,SPST,"Tactile switch, momentary",PTS645SK50SMTR92LFS,C&K,SMD 6mm,"Provisioning. Long-press only. Recessed in the case."
D1,1,RGB,"RGB LED, common cathode, diffused",APTF1616SEEZGKQBKC,Kingbright,1616,"Discrete not addressable - PWM0/PCM are taken by I2S. See design doc 4.3."
D2,1,Green,"Power indicator LED",150060VS75000,Wurth,0603,
D3,1,SMAJ5.0A,"TVS diode, 5V standoff, unidirectional",SMAJ5.0A-E3/61,Vishay,SMA,"On VBUS after the fuse."
D4;D5,2,USBLC6-2SC6,"ESD protection for USB 2.0 data pairs",USBLC6-2SC6,STMicroelectronics,SOT-23-6,
F1,1,3A,"Resettable polyfuse, 3A hold / 6A trip, 6V",MF-MSMF300-2,Bourns,1812,
FB1,1,600R,"Ferrite bead, 600R at 100MHz, 3A",MPZ2012S601AT000,TDK,0805,"Keeps CM4 switcher noise off VBUS."
C1;C2,2,100uF,"Bulk capacitance, 6.3V or better",EEE-FT0J101AP,Panasonic,SMD 6.3x5.8,"At the CM4 5V pins, not at the connector."
C50,1,150uF,"USB host downstream bulk, 6.3V",EEE-FT0J151AP,Panasonic,SMD 8x10,"USB 2.0 requires >=120uF on a host port."
C3,1,10uF,Ceramic X5R/X7R 16V,CL21A106KAYNNNE,Samsung,0805,
C5;C6,2,1uF,Ceramic X7R 16V,CL10B105KA8NNNC,Samsung,0603,"MCP1700 needs >=1uF ceramic on the output to be stable."
C11;C12,2,2.2uF,"Ceramic X7R 16V, charge pump",CL10A225KA8NNNC,Samsung,0603,"CAPP/CAPM flying cap and VNEG reservoir."
C4;C7;C10;C13;C14;C30;C40;C51,8,100nF,Ceramic X7R 25V,CL10B104KB8NNNC,Samsung,0603,"One per supply pin, placed at the pin."
C15;C16,2,470pF,"Ceramic C0G 50V, RF shunt",CL10C471JB8NNNC,Samsung,0603,"At the audio jack."
R1;R2;R42;R43,4,5.1k,"USB-C CC pull-down, 1%",RC0603FR-075K1L,Yageo,0603,"Both CC pins on both USB-C connectors. Marks the board as a sink."
R3;R51,2,1k,Chip resistor 1%,RC0603FR-071KL,Yageo,0603,
R31,1,1k,"Button series resistor",RC0603FR-071KL,Yageo,0603,"Survives GPIO16 misconfigured as an output."
R10;R11;R12;R13,4,470R,"Audio output pad, 1%",RC0603FR-07470RL,Yageo,0603,"Fixed -6dB. 2.1Vrms is hot for a consumer aux input."
R14;R30;R60;R61,4,10k,Chip resistor 1%,RC0603FR-0710KL,Yageo,0603,"XSMT delay, button pull-up, WL_nDISABLE, BT_nDISABLE."
R20,1,180R,"LED series, red",RC0603FR-07180RL,Yageo,0603,
R21;R22,2,100R,"LED series, green and blue",RC0603FR-07100RL,Yageo,0603,"Green/blue Vf ~3.0V leaves little headroom at 3.3V. See design doc 4.3."
R40;R41,2,4.7k,"I2C pull-up, 1%",RC0603FR-074K7L,Yageo,0603,"The CM4 module has NO I2C pull-ups. A Pi 4B has them on the main board."
R50,1,TBD,"AP2553 ILIM resistor",,,0603,"Size from the AP2553 datasheet for ~1.1A."
TP1..TP6,6,,"Test points: GLOBAL_EN, RUN_PG, +3V3_CM4, +3V3_A, GND, I2S_BCLK",,,,
MP1,1,RP-SMA,"Bulkhead antenna connector + MHF4 pigtail",,,,"Use a Raspberry Pi certified antenna or the module loses its certification."
MP2,4,M2.5,"Standoffs for the CM4",,,,"Hole pattern from the official CM4 mechanical drawing. Do not scale off a picture."
